id,title,motif,press,group,date,format,cond,note,tags,location
0001,Trimurti with devotees,"Shiva, Brahma and Vishnu receiving devotees with flower offerings","Ravi Varma Press, Karla-Lonavla. Publisher Anant Shivaji Desai, Moti Bazar, Mumbai. Reg. no. 424",rvp,,"small, approx. 25 × 35 cm",good,,,Tübingen
0002,"Saraswati, embellished","Saraswati with veena by a river, with peacock and swan","Press unidentified, copyright stamp at the bottom",other,,"small, approx. 25 × 35 cm",fair,"Hand-embellished with glitter, sequins and beads. Painted frame.",,Tübingen
0003,Shri Virupaksha,"Five-headed Shiva with Ganesha, Parvati, Nandi and lion","Ravi Vaibhav F.A.L. Press, Ghatkopar. Publisher A. K. Joshi & Co., Kalbadevi Road, Mumbai. Reg. no. 0081",ghat,Copyright 10.12.1923,"small, approx. 25 × 35 cm",horizontal crease across the image,,,Tübingen
0004,South Indian composite print,Temple deities and scenes from the Ramayana in many panels,"South India, probably Madras",south,,"small, approx. 25 × 35 cm",water damage along the bottom edge,Embellished with glitter.,,Tübingen
0005,Vishnu on Shesha,"Vishnu reclining on the cosmic serpent with Lakshmi, Brahma on the lotus",No press mark visible,other,,"small, approx. 25 × 35 cm","good, strong colours",,,Tübingen
0006,Sulochana,"Sulochana receives the head of Indrajit, a scene from the Ramayana","Ravi Varma Press, Karla-Lonavla. Publisher Anant Shivaji Desai, Moti Bazar, Mumbai. Reg. no. 581",rvp,,"small, approx. 25 × 35 cm",good,,,Tübingen
0007,Indra Kacheri,"The court of Indra, with gold printing","Ravi Varma Press, Karla-Lonavla. Publisher Anant Shivaji Desai, Moti Bazar, Mumbai. Reg. no. 582",rvp,,"small, approx. 25 × 35 cm",very good,,,Tübingen
0008,Lakshmi on the lotus,"Lakshmi on the lotus with elephant and swans, signed Ravi Varma",Probably Ravi Varma Press,other,,"small, approx. 25 × 35 cm","water stains, foxing",,,Tübingen
0009,Ram Darbar,"Rama with Sita, Lakshmana and Hanuman",Signature hard to read,other,,"small, approx. 25 × 35 cm","heavily yellowed, colour shift",,,Tübingen
0010,Dashavatara,Vishnu with his ten incarnations in roundels,No press mark visible,other,,"small, approx. 25 × 35 cm","flaking, water damage",,,Tübingen
0011,Krishna with flute,"Krishna under a tree with gopis and cows, South Indian style","Ravi Vaibhav F.A.L. Press, Ghatkopar",ghat,,"small, approx. 25 × 35 cm",significant losses and stains,,,Tübingen
0012,Pundalik's pilgrimage,Pundalik carries his wife while his parents walk,"Ravi Varma Press, Karla-Lonavla. Publisher Anant Shivaji Desai, Moti Bazar, Mumbai. Reg. no. 372",rvp,,"small, approx. 25 × 35 cm","print good, glass cracked",Replace the glass so it does not scratch the print.,,Tübingen
0013,"Ganesha, advertising print","Ganesha enthroned, with gold embossing","Advertising print for a cloth merchant in Kumbakonam, Tamil Nadu",south,,"small, approx. 25 × 35 cm",good,,ads,Tübingen
0015,Vishnu with Sridevi and Bhudevi,Vishnu under the serpent hood with both consorts,"Ravi Udaya Vijaya Offset Litho, Ghatkopar. Publisher Anant Shivaji Desai, Mumbai. Reg. no. 208",ghat,later offset print,"small, approx. 25 × 35 cm","creases, faded",,,Tübingen
0016,Janaki,Rama and Sita,"Ravi Vaibhav Press, Ghatkopar. Publisher A. K. Joshi, Mumbai. Reg. no. 00181",ghat,,"small, approx. 25 × 35 cm",fair,,,Tübingen
0017,Shiva's family with Nandi,"Shiva, Parvati and Ganesha enthroned",Press unidentified,other,,"small, approx. 25 × 35 cm",heavy water and mould damage,Painted frame.,,Tübingen
0018,Vanvasi Ram,"Rama, Sita and Lakshmana in exile, with a deer","Ravi Varma Press, Karla-Lonavla",rvp,,"small, approx. 25 × 35 cm","yellowed, damage lower right, frame damaged",,,Tübingen
0019,"Lakshmi, Saraswati and Vishnu","Lakshmi on the lotus, Saraswati in a boat, Vishnu above",No press mark visible,other,,"small, approx. 25 × 35 cm","good, fine colours",,,Tübingen
0020,Savitri,Savitri protects the dying Satyavan from Yama,"Ravi Varma Press, Karla-Lonavla. Publisher Anant Shivaji Desai, Moti Bazar, Mumbai. Reg. no. 638",rvp,,"small, approx. 25 × 35 cm",good,,,Tübingen
0021,"Krishna and Radha, advertising print","Krishna and Radha with water pot, products in the corners","Advertising print, South India",south,,"small, approx. 25 × 35 cm","frame damaged, tear at the top",,ads,Tübingen
0022,Apsara in the clouds,"A celestial nymph floating in the clouds with a ball, probably Urvashi or Tilottama",Press not yet identified,other,,,good,Nude studies like this are rare among Ravi Varma compositions.,,Tübingen
0023,Lakshmi with elephants,Lakshmi with elephants and peacock,Press not yet identified,other,,,photographed sideways,,,Tübingen
0024,Lakshmi and Saraswati with elephants,"Lakshmi on the lotus with elephants, Saraswati with veena and peacock",Press not yet identified,other,,,"fair, frame worn",,,Tübingen
0025,"Krishna with consorts, Tanjore style","Plump Krishna enthroned with two consorts, in the style of Tanjore painting",South India,south,,,fair,,,Tübingen
0026,Ahalya's deliverance,"Rama frees Ahalya from the curse, with Vishwamitra and Lakshmana",Press not yet identified,other,,,fair,Embellished with sequins.,,Tübingen
0027,Adi Shankara with his disciples,The teacher seated among disciples by a pond at a hermitage,Press not yet identified,other,,,water damage,"Subject probable, same composition as no. 0366.",,Tübingen
0028,"Vishnu with Sridevi and Bhudevi, embellished",Vishnu under the serpent hood with both consorts,Press not yet identified,other,,,fair,Embellished. Same composition as no. 0015.,,Tübingen
0029,Navagraha,"The nine planetary deities, Surya in the centre",Press not yet identified,other,,,fair,Painted frame.,,Tübingen
0030,Hanuman carrying Rama and Lakshmana,Hanuman flies with Rama and Lakshmana on his shoulders,Press not yet identified,other,,,good,,,Tübingen
0031,Krishna's boat ride,Krishna with gopis in a boat under a parasol,Press not yet identified,other,,,good,,,Tübingen
0032,Enthroned goddess with attendants,"A goddess under a parasol, attendants with fly whisks and veena",Press not yet identified,other,,,fair,Possibly embellished.,,Tübingen
0033,Deity and Narada at an altar,A four-armed deity and Narada with veena before an offering table,Press not yet identified,other,,,good,,,Tübingen
0034,"Kamadhenu, the cow of the gods","The sacred cow with deities in her body, Marathi text",Press not yet identified,other,,,worn,Politically charged motif from the cow-protection movement around 1890.,,Tübingen
0037,Vishnu on the banyan leaf,"Infant Vishnu on a banyan leaf, surrounded by scenes in roundels",Press not yet identified,other,,,good,,,Tübingen
0038,Vishnu on the banyan leaf,"Infant Vishnu on a banyan leaf, surrounded by scenes in roundels",Press not yet identified,other,,,good,Appears to be a second photo of no. 0037.,,Tübingen
0039,Mother with dead child before an ascetic,"A grieving mother with her child, a dead boy on the ground, an ascetic with staff",Press not yet identified,other,,,good,Story still to be identified.,,Tübingen
0040,Mother with dead child before an ascetic,"A grieving mother with her child, a dead boy on the ground, an ascetic with staff",Press not yet identified,other,,,good,Appears to be a second photo of no. 0039.,,Tübingen
0041,Vishnu appears to a devotee,Vishnu appears to a devotee meditating in the forest,Press not yet identified,other,,,worn,,,Tübingen
0042,Rama worships Shiva at Rameswaram,"Rama, Sita, Lakshmana and Hanuman worship the Shiva linga, sages at the fire",Press not yet identified,other,,,fair,,,Tübingen
0043,Rama worships Shiva at Rameswaram,"Rama, Sita, Lakshmana and Hanuman worship the Shiva linga, sages at the fire",Press not yet identified,other,,,fair,Appears to be a second photo of no. 0042.,,Tübingen
0044,Shiva's family with gods,"Shiva and Parvati with the child Ganesha, flanked by deities",Press not yet identified,other,,,faded,,,Tübingen
0045,Varaha,Vishnu's boar incarnation lifts the earth from the ocean,Press not yet identified,other,,,good,,,Tübingen
0046,United We Stand,"Nehru embracing Zhou Enlai, surrounded by world leaders of the 1950s","Political print, publisher not yet identified",other,1950s,,fair,Political poster from the time of the Non-Aligned Movement.,portraits,Tübingen
0047,Matsya,Vishnu's fish incarnation rescues the Vedas,Press not yet identified,other,,,good,,,Tübingen
0048,Yama's court,Yama on his buffalo leads souls before the court of the dead,Press not yet identified,other,,,good,,,Tübingen
0049,Coronation of Rama,"Rama and Sita enthroned with brothers, Vasishtha and Hanuman",Press not yet identified,other,,,good,,,Tübingen
0050,Hanuman before Ravana,Hanuman sits on his coiled tail facing the ten-headed Ravana,Press not yet identified,other,,,fair,,,Tübingen
0051,Coronation of Rama,"Rama enthroned with Sita, brothers, Hanuman and sages",Press not yet identified,other,,,faded,,,Tübingen
0052,Ganga and Bhagiratha,"The goddess Ganga on her crocodile, the sage Bhagiratha in prayer",Press not yet identified,other,,,good,,,Tübingen
0053,Krishna with flute,"Krishna under the tree with gopis and cows, South Indian style",Press not yet identified,other,,,fair,Same composition as no. 0011.,,Tübingen
0054,Krishna with flute,"Krishna under the tree with gopis and cows, South Indian style",Press not yet identified,other,,,good,Same composition as no. 0011.,,Tübingen
0055,Vishnu on Shesha,"Vishnu on the serpent with Lakshmi, Garuda and Brahma on the lotus",Press not yet identified,other,,,fair,,,Tübingen
0056,Gayatri,"Five-headed Gayatri on a lotus, with smaller scenes in the corners",Press not yet identified,other,,,fair,Painted frame.,,Tübingen
0058,"Lakshmi, embellished","Lakshmi on the lotus with elephant, applied decoration",Press not yet identified,other,,,fair,Hand-embellished.,,Tübingen
0059,Ganesha enthroned,Ganesha on his throne under a parasol,Press not yet identified,other,,,good,,,Tübingen
0060,Venkateswara of Tirupati,The deity of Tirupati in his temple shrine,South India,south,,,fair,,,Tübingen
0061,Venkateswara of Tirupati,The deity of Tirupati in his temple shrine,South India,south,,,fair,Same composition as no. 0060.,,Tübingen
0062,Meenakshi and Sundareswarar,"The goddess and Shiva of Madurai in twin shrines, Nandi in front",South India,south,,,fair,,,Tübingen
0063,Saraswati,Saraswati with veena and peacock by a river,Press not yet identified,other,,,"good, strong colours",,,Tübingen
0064,Surya,The sun god in his chariot drawn by seven horses,Press not yet identified,other,,,good,,,Tübingen
0065,"Krishna with peacock, advertising print",Krishna with flute beside a peacock,"Advertising print for Sri Ramakrishna Vilas, Kumbakonam",south,,,good,,ads,Tübingen
0066,Worship of the Shiva linga,"Rama and Sita worship the linga under a serpent hood, with sages",South India,south,,,damaged,Embellished.,,Tübingen
0067,Nataraja,Shiva as lord of dance in a temple setting,South India,south,,,severe damage in the upper half,,,Tübingen
0068,Enthroned goddess with attendants,"A goddess under a parasol, attendants with fly whisks and veena",Press not yet identified,other,,,crack in the glass,Same composition as no. 0032.,,Tübingen
0069,Durga slays Mahishasura,Durga on her lion kills the buffalo demon,Press not yet identified,other,,,good,,,Tübingen
0070,Gajalakshmi,"Lakshmi seated on the lotus, bathed by two elephants",Press not yet identified,other,,,good,,,Tübingen
0071,Kaliya Mardana,Krishna dances on the serpent Kaliya,Press not yet identified,other,,,good,,,Tübingen
0072,Woman with halo and book,"A crowned woman with peacock feather, holding a book",Press not yet identified,other,,,fair,Subject still to be identified.,,Tübingen
0073,South Indian composite print,Temple deities and scenes in many panels,South India,south,,,worn frame,,,Tübingen
0074,Deity rising from the ocean,A multi-armed deity above the water,Press not yet identified,other,,,severe losses and flaking,,,Tübingen
0075,Vishnu with Sridevi and Bhudevi,Vishnu under the serpent hood with both consorts,Press not yet identified,other,,,"good, strong colours",Same composition as no. 0015.,,Tübingen
0076,Worship of the Shiva linga,"Rama and Sita worship the linga at Rameswaram, with Hanuman and sages",South India,south,,,good,,,Tübingen
0077,Dasharatha and Kaikeyi,"The grieving king on his bed, Kaikeyi and the young prince",Press not yet identified,other,,,good,,,Tübingen
0078,King and queen in a palace,A seated king takes the hand of a standing queen,Press not yet identified,other,,,good,Subject still to be identified.,,Tübingen
0079,"Krishna with cow, advertising print",Krishna with cow and deer in a landscape,"Advertising print for V. S. & Sons, Kumbakonam",south,,,good,,ads,Tübingen
0080,Coronation of Rama,Rama and Sita enthroned with brothers and Hanuman,Press not yet identified,other,,,heavy losses,,,Tübingen
0081,"Vishnu on the lotus, advertising print",Vishnu standing on a lotus under the serpent hood,"Advertising print for Sri Ramakrishna Vilas, Kumbakonam. Reg. no. 4065",south,,,good,,ads,Tübingen
0082,Krishna with flute,"Krishna under the tree with gopis and cows, South Indian style",Press not yet identified,other,,,fair,Same composition as no. 0011.,,Tübingen
0083,Krishna in the cradle,"The infant Krishna in a swinging cradle, with Yashoda and women",Press not yet identified,other,,,good,,,Tübingen
0084,Woman on a swing,"A young woman on a swing high above a valley, a Ravi Varma composition",Press not yet identified,other,,,good,,,Tübingen
0085,Deity in a temple gateway,"A standing deity in a temple gateway, with cherubs above",South India,south,,,worn frame,,,Tübingen
0086,Ganesha enthroned,Ganesha seated on his throne with his mouse,Press not yet identified,other,,,good,,,Tübingen
0087,Lakshmi on the lotus,Lakshmi seated on the lotus with a radiant halo,Press not yet identified,other,,,"fair, later print",,,Tübingen
0088,Menaka and Shakuntala,"Menaka carries the infant Shakuntala through the clouds, signed Ravi Varma",Press not yet identified,other,,,good,,,Tübingen
0089,"Krishna with consorts, Tanjore style",Plump Krishna enthroned with two consorts,South India,south,,,fair,Same composition as no. 0025.,,Tübingen
0090,Nataraja,"Shiva as lord of dance with Sivakami, in a temple setting",South India,south,,,good,,,Tübingen
0091,"Shiva's family with gods, embellished","Shiva and Parvati with Ganesha, flanked by deities, applied decoration",Press not yet identified,other,,,fair,Hand-embellished.,,Tübingen
0092,Usha and Chitralekha,"Chitralekha shows the dreaming Usha a portrait, probably of Aniruddha",Press not yet identified,other,,,good,,,Tübingen
0093,"Dasha Mahavidya, sheet 2","Five of the ten wisdom goddesses in roundels, Bengali captions","Probably Calcutta, Bengal school",bengal,,,fair,Belongs together with no. 0096.,,Tübingen
0094,Lakshmi on the lotus,Lakshmi on the lotus with elephant and swans,Press not yet identified,other,,,good,,,Tübingen
0095,South Indian composite print,Temple deities and scenes from the Ramayana in many panels,South India,south,,,good,,,Tübingen
0096,"Dasha Mahavidya, sheet 1","Five of the ten wisdom goddesses in roundels, Kamala in the centre, Bengali captions","Probably Calcutta, Bengal school",bengal,,,fair,Belongs together with no. 0093.,,Tübingen
0097,Death of Vali,"Rama with bow beside the fallen Vali, surrounded by monkeys",Press not yet identified,other,,,fair,,,Tübingen
0098,"Saraswati, embellished","Saraswati with veena and peacock, applied decoration",Press not yet identified,other,,,fair,Hand-embellished.,,Tübingen
0099,Young woman by a tree,"A young woman leaning on a tree with a basket, a Ravi Varma composition",Press not yet identified,other,,,good,,,Tübingen
0100,Ganesha receives the elephant head,"The child Ganesha on an altar surrounded by gods, Shiva and Parvati",Press not yet identified,other,,,glass damaged,,,Tübingen
0101,Lakshmi on the lotus,Lakshmi on the lotus with elephant and swans,Press not yet identified,other,,,crack in the glass,,,Tübingen
0102,Rama and Sita meet in the garden,Rama and Lakshmana see Sita and her companions in the garden of Mithila,Press not yet identified,other,,,losses at the top,,,Tübingen
0103,Murugan of Palani,"Murugan as young ascetic with staff, the Palani temple in the corner",South India,south,,,fair,,,Tübingen
0104,"Rama, Sita and Lakshmana at the hut",The exiles by their forest hut at a stream,Press not yet identified,other,,,fair,,,Tübingen
0105,Murugan with Valli and Deivanai,Six-headed Murugan in a shrine between his two consorts,South India,south,,,good,,,Tübingen
0106,Worship of the Shiva linga,"Rama and Sita worship the linga at Rameswaram, with Hanuman and sages",South India,south,,,fair,,,Tübingen
0107,Shakuntala with her friends,"Shakuntala with Anasuya and Priyamvada, a deer at her side",Press not yet identified,other,,,good,,,Tübingen
0108,Shakuntala with her friends,"Shakuntala with Anasuya and Priyamvada, a deer at her side",Press not yet identified,other,,,good,Appears to be a second photo of no. 0107.,,Tübingen
0109,Shiva's family with gods,"Shiva and Parvati with Ganesha, flanked by deities",Press not yet identified,other,,,good,Same composition as no. 0091.,,Tübingen
0110,Vishvamitra and Menaka,The nymph Menaka approaches the meditating sage Vishvamitra,Press not yet identified,other,,,good,,,Tübingen
0111,Ganesha with attendants,Ganesha enthroned among women with fly whisks and veenas,Press not yet identified,other,,,good,,,Tübingen
0112,Virabhadra at Daksha's sacrifice,"A fierce figure with sword at the altar, Sati's spirit above, Nandi",Press not yet identified,other,,,good,"Subject probable, to be confirmed.",,Tübingen
0113,Rama lifts Shiva's bow,"Rama with the great bow at Sita's bridegroom contest, onlookers at a temple",Press not yet identified,other,,,good,"Subject probable, to be confirmed.",,Tübingen
0114,Ganesha with Riddhi and Siddhi,Ganesha under a parasol with his two consorts,Press not yet identified,other,,,fair,,,Tübingen
0115,Lakshmi on the lotus,"Lakshmi on the lotus with elephant, palm trees behind",Press not yet identified,other,,,good,,,Tübingen
0116,Yashoda and Krishna,Yashoda milks a cow while the child Krishna clings to her,Press not yet identified,other,,,good,Print after the Ravi Varma painting that set an auction record in April 2026.,,Tübingen
0117,"Dattatreya, advertising print",Three-headed Dattatreya with cow and dogs,"Advertising print for T. S. R. & Co., Kumbakonam",south,,,worn frame,,ads,Tübingen
0118,Sai Baba of Shirdi,"Sai Baba seated on a rock, Dattatreya behind",Press not yet identified,other,,,"fair, later print",,,Tübingen
0119,Goddess with gold embossing,"A four-armed goddess enthroned, Hindi captions, embossed gold",Press not yet identified,other,,,good,,,Tübingen
0120,"Shiva and Parvati with Nandi, advertising print",Shiva and Parvati in the Himalaya,"Advertising print for Sri Ambika Silk Stores, Tanjore",south,,,"fair, later print",,ads,Tübingen
0121,Shri Kashi Vishwanath,"Bust of Shiva with the Ganga flowing from his hair, four saints in the corners",Press not yet identified,other,,,fair,,,Tübingen
0122,Coronation of Rama,"Rama and Sita enthroned with brothers, Vasishtha and Hanuman",Press not yet identified,other,,,worn,Same composition as no. 0049.,,Tübingen
0123,Coronation of Rama,"Rama and Sita enthroned with brothers, Vasishtha and Hanuman",Press not yet identified,other,,,worn,Appears to be a second photo of no. 0122.,,Tübingen
0124,Head of a deity with halo,"A crowned deity with radiating halo, sepia tones",Press not yet identified,other,,,"fair, later print",,,Tübingen
0125,Shiva's family with Nandi,"Shiva, Parvati and Ganesha with Nandi and deities",Press not yet identified,other,,,good,Photographed sideways.,,Tübingen
0126,"Kamadhenu with the gods, attacked by a demon","The sacred cow with deities in her body, a demon with sword, Devanagari text",Press not yet identified,other,,,fair,Photographed sideways. Related to no. 0034.,,Tübingen
0132,"Saraswati, embellished","Saraswati with veena and peacock, applied flowers and decoration",Press not yet identified,other,,,fair,Hand-embellished.,,Tübingen
0133,Kaliya Mardana,"Krishna dances on the many-headed Kaliya, the serpent's wives plead",Press not yet identified,other,,,good,,,Tübingen
0134,Vishnu on Shesha,"Vishnu on the serpent with Lakshmi, Garuda and Brahma on the lotus",Press not yet identified,other,,,worn,,,Tübingen
0135,South Indian composite print,Temple deities and scenes from the Ramayana in many panels,South India,south,,,good,,,Tübingen
0136,"Ravana abducts Sita, Jatayu attacks",Ravana carries off Sita while the vulture Jatayu attacks him,Press not yet identified,other,,,good,One of the best-known Ravi Varma compositions.,,Tübingen
0137,Rama's reunion with Bharata,"Rama embraces a young man, Sita, Lakshmana and Hanuman beside a fire",Press not yet identified,other,,,fair,"Subject probable, to be confirmed.",,Tübingen
0138,Shiva and Parvati as hunters,"Shiva as the Kirata hunter with Parvati, bow and trident",Press not yet identified,other,,,good,,,Tübingen
0139,Rama and Sita enthroned,Rama and Sita with Lakshmana and Hanuman under a canopy,Press not yet identified,other,,,"fair, pale colours",,,Tübingen
0140,Vishnu on Shesha,"Vishnu on the serpent with Lakshmi, Garuda and Brahma on the lotus",Press not yet identified,other,,,good,,,Tübingen
0141,Royal women with an infant prince,Women of the court gather around a queen holding a child,Press not yet identified,other,,,fair,,,Tübingen
0142,Worship of the Shiva linga,"Rama and Sita worship the linga at Rameswaram, with Hanuman and sages",South India,south,,,good,,,Tübingen
0143,Murugan on the peacock,Murugan with Valli and Deivanai on his peacock,South India,south,,,good,,,Tübingen
0144,Bust of a goddess with halo,A crowned goddess with radiating halo,Press not yet identified,other,,,good,,,Tübingen
0145,Narasimha,"Narasimha kills Hiranyakashipu, Prahlada and women beside",Press not yet identified,other,,,good,,,Tübingen
0146,"Saraswati with peacock, embellished",Saraswati with veena in front of an open peacock tail,Press not yet identified,other,,,fair,Embellished with sequins.,,Tübingen
0147,South Indian composite print,Temple deities and scenes in many panels,South India,south,,,fair,,,Tübingen
0148,Vishnu on Shesha,"Vishnu on the serpent with Lakshmi, Garuda and Brahma on the lotus",Press not yet identified,other,,,water stains,,,Tübingen
0149,South Indian composite print,"Temple deities with Ganesha in the centre, scenes in panels",South India,south,,,fair,,,Tübingen
0150,Portrait of an Indian ruler,A maharaja in state dress with sash and decorations,Press not yet identified,other,,,fair,Sitter still to be identified.,portraits,Tübingen
0151,Vithoba of Pandharpur,"Vithoba standing on his brick, with Garuda and Hanuman",Press not yet identified,other,,,worn,,,Tübingen
0152,Gayatri,"Five-headed Gayatri on a lotus, mantra in Devanagari around her",Press not yet identified,other,,,good,,,Tübingen
0153,"Vishnu on the lotus, advertising print",Vishnu standing on a lotus under the serpent hood,"Advertising print for V. S. & Sons, Kumbakonam",south,,,good,Same design as no. 0081.,ads,Tübingen
0154,"Krishna with flute, advertising print","Krishna seated with flute, cows behind, prize medals in the corners","Advertising print, publisher still to be identified",other,,,good,,ads,Tübingen
0155,Deity in a temple shrine,A standing deity under an ornate temple arch,South India,south,,,fair,,,Tübingen
0156,"Vithoba of Pandharpur, embellished",Vithoba with Garuda and Hanuman,Press not yet identified,other,,,good,Embellished with sequins.,,Tübingen
0157,Ganesha enthroned,Ganesha on his throne under a parasol,Press not yet identified,other,,,fair,Same composition as no. 0059.,,Tübingen
0158,Lakshmi on the lotus,"Lakshmi on the lotus with elephant and swans, caption strip visible",Press not yet identified,other,,,fair,,,Tübingen
0159,Murugan on the peacock,"Six-headed Murugan with his consorts before a peacock, vignettes in the corners",South India,south,,,good,,,Tübingen
0160,Gajendra Moksha,Vishnu on Garuda rescues the elephant king from the crocodile,Press not yet identified,other,,,good,,,Tübingen
0161,Gajendra Moksha,Vishnu on Garuda rescues the elephant king from the crocodile,Press not yet identified,other,,,good,Appears to be a second photo of no. 0160.,,Tübingen
0162,Royal women with an infant prince,Women of the court gather around a queen holding a child,Press not yet identified,other,,,faded,Same composition as no. 0141.,,Tübingen
0163,Krishna enthroned with a kneeling devotee,"Krishna on his throne, courtiers and a kneeling devotee, possibly Sudama",Press not yet identified,other,,,good,Embellished with sequins.,,Tübingen
0164,Damayanti and the swan,"Damayanti listens to the golden swan, a Ravi Varma composition",Press not yet identified,other,,,heavy water damage,,,Tübingen
0165,Krishna with his queens,Krishna enthroned among his consorts,Press not yet identified,other,,,fair,,,Tübingen
0166,Lakshmi on the lotus,Lakshmi on the lotus with elephant and swans,Press not yet identified,other,,,worn frame,,,Tübingen
0167,Vishnu on Shesha,"Vishnu on the serpent with Lakshmi, Garuda and Brahma on the lotus",Press not yet identified,other,,,good,,,Tübingen
0168,Ahalya's deliverance,"Ahalya kneels before Rama, Lakshmana and Vishwamitra",Press not yet identified,other,,,fair,,,Tübingen
0169,Coronation of Rama,Rama and Sita enthroned with brothers and Hanuman,Press not yet identified,other,,,fair,Same composition as no. 0080.,,Tübingen
0170,"Vishnu with Sridevi and Bhudevi, embellished",Vishnu under the serpent hood with both consorts,Press not yet identified,other,,,fair,Hand-embellished.,,Tübingen
0171,Rama worships Shiva at Rameswaram,"Rama, Sita, Lakshmana and Hanuman worship the Shiva linga",Press not yet identified,other,,,fair,Same composition as no. 0042.,,Tübingen
0172,Lakshmi and Saraswati with elephants,"Lakshmi on the lotus with elephants, Saraswati with veena","Publisher, bookbinder and stationer, Pycroft's Road, Triplicane, Madras",south,,,fair,,,Tübingen
0173,Goddess with pilgrimage sites,A seated goddess surrounded by panels with temples and deities,Press not yet identified,other,,,fair,,,Tübingen
0174,"Lakshmi, advertising print",Lakshmi on the lotus in an oval frame,"Advertising print for T. S. Ganesa & Co., Tinnevelly Town",south,,,fair,,ads,Tübingen
0175,Saraswati,Saraswati with veena and peacock by a river,Press not yet identified,other,,,good,,,Tübingen
0176,Saraswati,Saraswati with veena and peacock by a river,Press not yet identified,other,,,good,Appears to be a second photo of no. 0175.,,Tübingen
0177,Guha ferries Rama across the Ganga,"Rama, Sita and Lakshmana in the boatman's sailing boat",Press not yet identified,other,,,good,,,Tübingen
0178,Harishchandra and Taramati,"Harishchandra raises his sword, Taramati kneels by their dead son, Vishnu appears",Press not yet identified,other,,,good,,,Tübingen
0179,Hari-Hara Milan,"Vishnu and Lakshmi on an elephant meet Shiva, Parvati and Ganesha on Nandi, signed Ravi Varma",Press not yet identified,other,,,fair,Subject identified via no. 0311.,,Tübingen
0180,"Gajalakshmi, advertising print",Lakshmi standing on the lotus between elephants,"Advertising print, Old Tharagupet, Bangalore City",south,,,fair,,ads,Tübingen
0181,Krishna and Arjuna in the chariot,Krishna drives Arjuna's chariot into battle,Press not yet identified,other,,,good,,,Tübingen
0182,Shrinathji of Nathdwara,The image of Shrinathji in his shrine,Press not yet identified,other,,,scratches and losses,,,Tübingen
0183,"Coronation of Rama, embellished",Rama and Sita enthroned with brothers and Hanuman,Press not yet identified,other,,,fair,Hand-embellished.,,Tübingen
0184,"Coronation of Rama, embellished",Rama and Sita enthroned with brothers and Hanuman,Press not yet identified,other,,,fair,Appears to be a second photo of no. 0183.,,Tübingen
0185,Rasa Lila,"Krishna dances with the gopis to drums, a temple behind",Press not yet identified,other,,,good,,,Tübingen
0186,Kaliya Mardana,Krishna dances on the serpent Kaliya,Press not yet identified,other,,,fair,Same composition as no. 0071.,,Tübingen
0187,Lakshmi and Saraswati with elephants,"Lakshmi on the lotus with elephants, Saraswati with veena",Press not yet identified,other,,,worn,,,Tübingen
0188,Ranganatha with Venkateswara,"Vishnu reclining on Shesha as Ranganatha, Venkateswara and attendants below",South India,south,,,good,,,Tübingen
0189,Murugan on the peacock,Murugan with Valli and Deivanai on his peacock,South India,south,,,fair,,,Tübingen
0190,Bharata meets Rama in the forest,"Rama, Sita and Lakshmana at the hermitage, Bharata kneeling, a forest dweller in prayer",Press not yet identified,other,,,"faded, worn",,,Tübingen
0191,Durga on the tiger,"Many-armed Durga rides a tiger through the forest, holding a demon's head",Press not yet identified,other,,,tear lower right,,,Tübingen
0192,Durga on the tiger,"Many-armed Durga rides a tiger through the forest, holding a demon's head",Press not yet identified,other,,,tear lower right,Appears to be a second photo of no. 0191.,,Tübingen
0193,Damayanti and the swan,"Damayanti listens to the golden swan, a Ravi Varma composition",Press not yet identified,other,,,good,Better preserved than no. 0164.,,Tübingen
0194,Radha and Krishna,Radha and Krishna embrace under a tree,Press not yet identified,other,,,good,,,Tübingen
0195,Saraswati with peacock,Saraswati with veena in front of an open peacock tail,Press not yet identified,other,,,good,,,Tübingen
0196,Court scene with a Brahmin,"A seated ruler receives a Brahmin, a queen and courtiers beside",Press not yet identified,other,,,good,Subject still to be identified.,,Tübingen
0197,"Saraswati, advertising print",Saraswati standing on a lotus with peacock and veena,"Advertising print for P. R. V. Subramania Chetty, cloth merchant",south,,,good,,ads,Tübingen
0198,Krishna and the milkmaid,Krishna meets a gopi with scales and pots by a pond,Press not yet identified,other,,,good,,,Tübingen
0199,Murugan with Valli and Deivanai,Murugan and his consorts before an open peacock tail,South India,south,,,good,,,Tübingen
0200,Portrait of a seated dignitary,A turbaned man on a throne in rich robes,Press not yet identified,other,,,good,Sitter still to be identified.,portraits,Tübingen
0201,"Krishna Tulabharam, calendar","Krishna weighed on the scales, Narada, Rukmini and Satyabhama, with a monthly calendar","South India, Tamil calendar",south,,,fair,"Calendar sheet, the year may be readable on the original.",,Tübingen
0202,Ayyappa on the tiger,Ayyappa rides a tiger in the forest,South India,south,,,good,,,Tübingen
0203,Ayyappa on the tiger,Ayyappa rides a tiger in the forest,South India,south,,,good,Appears to be a second photo of no. 0202.,,Tübingen
0204,Two deities in twin shrines,Two standing Vishnu figures in twin arched shrines,Press not yet identified,other,,,good,,,Tübingen
0205,Krishna with two consorts,Krishna with flute between Rukmini and Satyabhama,South India,south,,,water damage,,,Tübingen
0206,"Krishna with consorts, Tanjore style",Plump Krishna enthroned with two consorts,South India,south,,,good,Same composition as no. 0025.,,Tübingen
0207,Abduction scene,A warrior carries off a woman through a landscape,Press not yet identified,other,,,good,Subject still to be identified.,,Tübingen
0208,Narasimha,"Narasimha kills Hiranyakashipu, Prahlada and women beside",Press not yet identified,other,,,good,Same composition as no. 0145.,,Tübingen
0209,"Krishna with consorts, Tanjore style",Plump Krishna enthroned with two consorts,South India,south,,,fair,Same composition as no. 0025.,,Tübingen
0210,Gajendra Moksha,Vishnu on Garuda rescues the elephant king from the crocodile,Press not yet identified,other,,,fair,,,Tübingen
0211,Deity with consorts under a parasol,A standing deity on a lotus between two consorts,South India,south,,,worn frame,,,Tübingen
0212,Vishnu standing on the waters,"Four-armed Vishnu with radiant halo, advertising text at the top","Advertising print, South India",south,,,good,,ads,Tübingen
0213,Vishnu standing on the waters,"Four-armed Vishnu with radiant halo, advertising text at the top","Advertising print, South India",south,,,good,Appears to be a second photo of no. 0212.,ads,Tübingen
0214,Krishna with two consorts,Krishna between Rukmini and Satyabhama,South India,south,,,faded,,,Tübingen
0215,Hanuman carries the mountain,Hanuman flies with the mountain of healing herbs,Press not yet identified,other,,,good,,,Tübingen
0216,Sulochana,Sulochana receives the head of Indrajit,Press not yet identified,other,,,good,Same composition as no. 0006.,,Tübingen
0217,Saraswati,Saraswati with veena and peacock by a river,Press not yet identified,other,,,water stains,,,Tübingen
0218,Worship of the Shiva linga,"Rama, Sita, Lakshmana and Hanuman with the linga, temples behind",South India,south,,,fair,,,Tübingen
0219,Saraswati,"Saraswati with veena and peacock, caption strip visible",Press not yet identified,other,,,water damage,,,Tübingen
0220,Hanuman before Ravana,Hanuman sits on his coiled tail facing the ten-headed Ravana,Press not yet identified,other,,,good,Same composition as no. 0050.,,Tübingen
0221,South Indian composite print,Temple deities and scenes in many panels,South India,south,,,fair,,,Tübingen
0222,Rama's reunion with Bharata,"Rama embraces a young man, Sita, Hanuman and Lakshmana beside, signed Ravi Varma",Press not yet identified,other,,,fair,Same subject as no. 0137.,,Tübingen
0223,Worship of the Shiva linga,"Rama and Sita worship the linga at Rameswaram, with Hanuman and sages",South India,south,,,good,,,Tübingen
0224,"Lakshmi on the lotus, embellished",Lakshmi on the lotus with elephant and swans,Press not yet identified,other,,,good,Embellished with glitter.,,Tübingen
0225,Saraswati,Saraswati with veena and peacock by a river,Press not yet identified,other,,,good,,,Tübingen
0226,"Saraswati, advertising print","Saraswati with veena and peacock, Tamil text at the top","Advertising print, Tamil Nadu",south,,,glass cracked,,ads,Tübingen
0227,Krishna the butter thief,The child Krishna crawls towards a bowl of butter,Press not yet identified,other,,,glass cracked,,,Tübingen
0228,South Indian composite print,Temple deities and scenes in many panels,South India,south,,,good,Painted frame.,,Tübingen
0229,Yashoda and Krishna,Yashoda with the child Krishna and a cow,Press not yet identified,other,,,"good, later print",Gold foil mount.,,Tübingen
0230,"Woman at a dressing table, advertising print",A woman arranging her hair at a mirror,Advertising print for Dralle perfume,other,,,worn,"Dralle was a perfume company from Hamburg, a German link in the collection.",ads,Tübingen
0231,Saraswati,Saraswati with veena and peacock by a river,Press not yet identified,other,,,yellowed,,,Tübingen
0232,"Dattatreya, advertising print",Three-headed Dattatreya with cow and dogs,"Advertising print, South India",south,,,fair,Same composition as no. 0117.,ads,Tübingen
0233,Vishnu on the waters,"Vishnu standing on the ocean under the serpent hood, radiant halo",Press not yet identified,other,,,"good, later print",,,Tübingen
0234,The child Krishna,The infant Krishna seated with jewellery and crown,Press not yet identified,other,,,fair,,,Tübingen
0235,Radha and Krishna,Radha and Krishna embrace under a tree,Press not yet identified,other,,,"good, unframed on mount",Same composition as no. 0194.,,Tübingen
0236,The child Krishna with women,The young Krishna among women in a landscape,Press not yet identified,other,,,fair,Small landscape format.,,Tübingen
0237,Shakuntala's love letter,"Shakuntala lies on the grass writing to Dushyanta, her friends beside her",Press not yet identified,other,,,fair,A famous Ravi Varma composition. Landscape format.,,Tübingen
0238,Palani hill temple,The hill temple of Murugan at Palani,South India,south,,,"fair, unframed",,,Tübingen
0239,The Great Mosque of Mecca,View of the Masjid al-Haram with the Kaaba,Press not yet identified,other,,,water stains,One of the few non-Hindu subjects in the collection.,,Tübingen
0240,Rama and Sita enthroned,"Rama and Sita with Lakshmana, Bharata and Hanuman under a canopy",Press not yet identified,other,,,worn frame,,,Tübingen
0241,Gayatri,"Five-headed Gayatri standing on a lotus, Devanagari text",Press not yet identified,other,,,"good, unframed",,,Tübingen
0242,Enthroned goddess with attendants,"A goddess under a parasol, attendants with fly whisks and veena",Press not yet identified,other,,,"good, unframed",Same composition as no. 0032.,,Tübingen
0243,Saraswati,Saraswati with veena and peacock by a river,Press not yet identified,other,,,fair,,,Tübingen
0244,Scenes from Krishna's childhood,"The child Krishna in the centre, episodes of his youth around him",Press not yet identified,other,,,"fair, later print",,,Tübingen
0245,Radha and Krishna with gopis,"Radha and Krishna on a lotus under a tree, gopis with fly whisks",Press not yet identified,other,,,good,,,Tübingen
0246,Durga slays Mahishasura,Durga on her lion kills the buffalo demon,Press not yet identified,other,,,good,Same composition as no. 0069.,,Tübingen
0247,Worship of the Shiva linga,"Rama and Sita worship the linga at Rameswaram, with Hanuman and sages",South India,south,,,fold and losses,,,Tübingen
0248,Lakshmi on the lotus,"Lakshmi on the lotus with elephant and swans, caption strip visible",Press not yet identified,other,,,good,,,Tübingen
0249,"Krishna with consorts, Tanjore style",Plump Krishna enthroned with two consorts,South India,south,,,fair,Same composition as no. 0025.,,Tübingen
0250,Lakshmi on the lotus,"Lakshmi on the lotus with elephant, advertising roundel at top right",Press not yet identified,other,,,"fair, sepia tones",,,Tübingen
0251,Ardhanarishvara,"Shiva and Parvati united in one body, with lion and bull",Press not yet identified,other,,,good,A well-known Ravi Varma composition.,,Tübingen
0252,Rama worships Durga,"Rama offers his eye to Durga before the battle, Hanuman and Vibhishana beside","Probably Calcutta, Bengal school",bengal,,,good,,,Tübingen
0253,Kali on Shiva,Kali stands on the prostrate Shiva on the battlefield,"Probably Calcutta, Bengal school",bengal,,,good,,,Tübingen
0254,Rama enthroned with his allies,"Rama and Sita enthroned with Vibhishana, Sugriva and Jambavan",Press not yet identified,other,,,good,,,Tübingen
0255,Krishna with gopis in the grove,Krishna among gopis beneath a tree with peacocks,Press not yet identified,other,,,fair,,,Tübingen
0256,Dakshina Kali,The Kali image in a shrine with curtains,"Probably Calcutta, Bengal school",bengal,,,fair,Belongs together with no. 0257.,,Tübingen
0257,Dakshina Kali,The Kali image in a shrine under a canopy,"Probably Calcutta, Bengal school",bengal,,,fair,Belongs together with no. 0256.,,Tübingen
0258,Durga with her family,"Durga on her lion with Lakshmi, Saraswati, Ganesha and Kartikeya","Probably Calcutta, Bengal school",bengal,,,good,,,Tübingen
0260,Kali on Shiva,Kali stands on the prostrate Shiva on the battlefield,"Probably Calcutta, Bengal school",bengal,,,good,Same composition as no. 0253.,,Tübingen
0261,Dasha Mahavidya,The ten wisdom goddesses in panels around Durga,"Probably Calcutta, Bengal school",bengal,,,good,,,Tübingen
0262,Shiva with scenes of human life,"Shiva in the centre, scenes from birth to death around him","Probably Calcutta, Bengal school",bengal,,,good,,,Tübingen
0263,"Jagannath, Balabhadra and Subhadra",The three deities of Puri in their shrine,"Probably Calcutta, Bengal school",bengal,,,good,,,Tübingen
0264,Krishna steals the gopis' clothes,"Krishna in the tree with the clothes, the gopis in the water","Probably Calcutta, Bengal school",bengal,,,good,,,Tübingen
0265,Shodashi,"The goddess enthroned on a couch above Shiva, gods below","Probably Calcutta, Bengal school",bengal,,,heavy losses,,,Tübingen
0266,Ganesha,Ganesha seated under a canopy,"Probably Calcutta, Bengal school",bengal,,,good,,,Tübingen
0267,Annapurna gives alms to Shiva,Shiva as a beggar before the enthroned Annapurna,"Probably Calcutta, Bengal school",bengal,,,good,,,Tübingen
0268,Couple on a palace terrace,"A prince and a woman embrace by the columns, Bengali caption","Probably Calcutta, Bengal school",bengal,,,good,Subject still to be identified.,,Tübingen
0269,Vishnu on Shesha,"Vishnu on the serpent with Lakshmi, Brahma on the lotus","Probably Calcutta, Bengal school",bengal,,,good,,,Tübingen
0270,Shiva with sacred sites,"Shiva in the centre, surrounded by ovals with temples and saints","Probably Calcutta, Bengal school",bengal,,,fair,,,Tübingen
0271,Shiva with sacred sites,"Shiva in the centre, surrounded by ovals with temples and saints","Probably Calcutta, Bengal school",bengal,,,fair,Appears to be a second photo of no. 0270.,,Tübingen
0272,Radha and Krishna,"Krishna plays the flute, Radha leans on him",Press not yet identified,other,,,worn frame,,,Tübingen
0273,Shiva's family,"Shiva and Parvati with Ganesha, Nandi, lion and sages",Press not yet identified,other,,,creased,,,Tübingen
0274,South Indian composite print,Temple deities and scenes in many panels,South India,south,,,fair,,,Tübingen
0276,Nala leaves Damayanti,Nala sits beside the sleeping Damayanti in the forest,Press not yet identified,other,,,good,Landscape format.,,Tübingen
0277,Krishna and Balarama with cows,The brothers with cowherds and cows under a tree,"Probably Calcutta, Bengal school",bengal,,,good,Landscape format.,,Tübingen
0278,Rasa Lila by moonlight,Many Krishnas dance with the gopis on a moonlit riverbank,Press not yet identified,other,,,good,Landscape format.,,Tübingen
0279,Rasa Lila by moonlight,Many Krishnas dance with the gopis on a moonlit riverbank,Press not yet identified,other,,,good,Appears to be a second photo of no. 0278.,,Tübingen
0280,Panchanana Shiva,Five-headed Shiva seated on a lotus,"Probably Calcutta, Bengal school",bengal,,,good,Gilt frame.,,Tübingen
0281,"Rama, Sita and Lakshmana at the hut","The exiles by their forest hut, a golden deer nearby","Probably Calcutta, Bengal school",bengal,,,good,Gilt frame.,,Tübingen
0282,Chaitanya and Nityananda,The two Bengali saints with raised arms,"Probably Calcutta, Bengal school",bengal,,,good,Gilt frame.,,Tübingen
0283,Rama and Sita in the temple,"Rama and Sita in a shrine with Lakshmana, Bharata and Hanuman",Press not yet identified,other,,,good,,,Tübingen
0284,Dattatreya with cows,Three-headed Dattatreya in a landscape with cows,Press not yet identified,other,,,losses at the top,,,Tübingen
0285,Rani of Jhansi,"The queen on horseback with drawn sword, Marathi caption",Press not yet identified,other,,,good,Nationalist subject.,portraits,Tübingen
0286,Chaitanya and Nityananda dancing,The two saints dancing in ecstasy,"Probably Calcutta, Bengal school",bengal,,,damaged mount,,,Tübingen
0287,Vishnu on Shesha,"Vishnu on the serpent with Lakshmi, Brahma, Garuda and Narada",Press not yet identified,other,,,good,,,Tübingen
0288,Krishna with gopis and cows,Krishna with flute among gopis and cows under a tree,Press not yet identified,other,,,good,,,Tübingen
0289,Krishna with two gopis,Krishna with flute between two women and calves,Press not yet identified,other,,,good,,,Tübingen
0290,Hari-Hara Milan,"Vishnu and Lakshmi on an elephant meet Shiva, Parvati and Ganesha on Nandi",Press not yet identified,other,,,good,Same composition as no. 0179. Silver frame.,,Tübingen
0291,Lady in a sari,A woman in a striped sari in a palace room,Press not yet identified,other,,,crease,,,Tübingen
0292,"Coronation of Rama, advertising print","Rama and Sita enthroned, with Marathi advertising text",Advertising print for 'Pain Killer',other,,,fair,,ads,Tübingen
0293,Woman with broken pots and a boy,"A woman with broken pots, a young boy seated beside",Press not yet identified,other,,,fair,Subject still to be identified.,,Tübingen
0294,Vishnu on Shesha with the gods,Vishnu on the serpent surrounded by gods and sages,Press not yet identified,other,,,darkened,,,Tübingen
0295,Coronation of Rama,Rama and Sita enthroned with brothers and Hanuman,Press not yet identified,other,,,torn edge,,,Tübingen
0296,Yashoda and Krishna,"Yashoda milks a cow while the child Krishna clings to her, caption visible",Press not yet identified,other,,,good,Print after the Ravi Varma painting that set an auction record in April 2026.,,Tübingen
0297,Arjuna and Subhadra,A crowned prince with bow and a woman reading a letter,Press not yet identified,other,,,good,"Subject probable, after a Ravi Varma painting.",,Tübingen
0298,Krishna and Radha with cows,Krishna with flute and Radha between two cows,Press not yet identified,other,,,good,,,Tübingen
0299,"Rama, Sita and Lakshmana go into exile",The three walk barefoot through the landscape,Press not yet identified,other,,,worn frame,,,Tübingen
0301,Vithoba and Rakhumai,The deities of Pandharpur with saints and temple scenes around them,Press not yet identified,other,,,fair,,,Tübingen
0302,Vishnu on Shesha,"Vishnu on the serpent with Lakshmi, Narada, Garuda and Brahma",Press not yet identified,other,,,good,Landscape format.,,Tübingen
0303,Vishnu on Shesha,"Vishnu on the serpent with Lakshmi, Narada, Garuda and Brahma",Press not yet identified,other,,,good,Appears to be a second photo of no. 0302.,,Tübingen
0304,"Lakshmi and Saraswati in the swan boat, advertising print",The two goddesses in a boat under a parasol,"Advertising print for The General Stores, Tanjore",south,,,good,,ads,Tübingen
0305,Murli Manohar,Krishna with flute by a waterfall in moonlight,Press not yet identified,other,,,good,,,Tübingen
0306,Ganesha with Riddhi and Siddhi,Ganesha under a parasol with his two consorts,Press not yet identified,other,,,crack in the glass,Same composition as no. 0114.,,Tübingen
0307,Couple dancing in a garden,"A crowned man and a woman dance, companions behind",Press not yet identified,other,,,good,Gilt frame.,,Tübingen
0308,Krishna with two gopis bearing offerings,Krishna with halo between two kneeling women,Press not yet identified,other,,,good,,,Tübingen
0309,Dattatreya with a devotee,"Three-headed Dattatreya as naked ascetic, a devotee kneels",Press not yet identified,other,,,worn frame,,,Tübingen
0310,Shiva and Parvati on Nandi,"Shiva and Parvati ride Nandi, attendants blow horns",Printed at an art studio in Calcutta,bengal,,,good,,,Tübingen
0311,Hari-Hara Milan,"Vishnu and Lakshmi on an elephant meet Shiva, Parvati and Ganesha on Nandi, Bengali caption","Probably Calcutta, Bengal school",bengal,,,good,Identifies the subject of nos. 0179 and 0290.,,Tübingen
0312,Satyanarayan Puja,Vishnu as Satyanarayan appears to a couple performing the puja with a priest,Press not yet identified,other,,,fair,,,Tübingen
0313,Lakshmi on the lotus,Lakshmi on the lotus with elephant and swans,Press not yet identified,other,,,"darkened, unframed",,,Tübingen
0314,"Saraswati, advertising calendar","Saraswati with veena and peacock, soap advertisement",Advertising calendar for a soap brand,other,1939,,good,Dated 1939 on the sheet.,ads,Tübingen
0315,Coronation of Rama,"Rama and Sita enthroned with courtiers, Hanuman and Jambavan","Probably Calcutta, Bengal school",bengal,,,good,,,Tübingen
0316,Shiva and Parvati with Narada,"Shiva with veena beside Parvati, Narada behind, lion in front","Probably Calcutta, Bengal school",bengal,,,good,,,Tübingen
0317,"Murugan as a boy, advertising print","The young Murugan with peacock in a landscape, Tamil text at the top","Advertising print, Tamil Nadu",south,,,scratches,,ads,Tübingen
0318,Vishnu image in a Kerala shrine,"A four-armed Vishnu image in a green arch, Guruvayur style",South India,south,,,fair,,,Tübingen
0319,Vishnu on the banyan leaf,"Infant Vishnu on a banyan leaf, surrounded by scenes in roundels",Press not yet identified,other,,,damaged,Painted frame. Same composition as no. 0037.,,Tübingen
0320,Radha and Krishna on lotuses,Radha and Krishna standing under a fruit tree,Press not yet identified,other,,,good,Gilt frame.,,Tübingen
0321,Hanuman carries the mountain,Hanuman flies with the mountain of healing herbs,Press not yet identified,other,,,good,Same composition as no. 0215.,,Tübingen
0322,Saraswati with swan,"Saraswati with veena, peacock and swan by a river","Probably Calcutta, Bengal school",bengal,,,good,,,Tübingen
0323,Court scene with a woman,"A crowded court with a woman in the centre, probably the disrobing of Draupadi",Press not yet identified,other,,,fair,Small landscape format.,,Tübingen
0324,Arjuna elopes with Subhadra,"A couple drives off in a chariot, pursued by warriors, Bengali caption","Probably Calcutta, Bengal school",bengal,,,good,Subject probable. Landscape format.,,Tübingen
0325,Vishnu on Shesha with the gods,"Vishnu reclining with Lakshmi, gods and sages around","Probably Calcutta, Bengal school",bengal,,,good,"Landscape format, gilt frame.",,Tübingen
0326,Radha and Krishna,Krishna and Radha embrace on cushions,Press not yet identified,other,,,fair,,,Tübingen
0327,Annapurna gives alms to Shiva,Shiva as a beggar before the enthroned Annapurna,"Probably Calcutta, Bengal school",bengal,,,darkened,Same composition as no. 0267.,,Tübingen
0328,Kali on Shiva,"Kali stands on the prostrate Shiva, jackals behind","Probably Calcutta, Bengal school",bengal,,,good,Gilt frame.,,Tübingen
0329,Vishnu on Shesha with the gods,"Vishnu reclining with Lakshmi, Brahma on the lotus, gods around",Press not yet identified,other,,,losses at the top,Gilt frame.,,Tübingen
0330,Ascetic with cows,"A naked bearded ascetic in a forest with cows, Devanagari caption",Press not yet identified,other,,,good,Saint still to be identified. Gilt frame.,,Tübingen
0331,Ascetic with cows,"A naked bearded ascetic in a forest with cows, Devanagari caption",Press not yet identified,other,,,good,Appears to be a second photo of no. 0330.,,Tübingen
0332,Krishna teases the gopis,Krishna breaks the gopis' water pots,Press not yet identified,other,,,good,Gilt frame.,,Tübingen
0333,Shiva's family with attendants,"Shiva, Parvati and Ganesha enthroned, attendants blow horns",Press not yet identified,other,,,pale,Gilt frame.,,Tübingen
0334,Ram Darbar,"Rama with Sita, Lakshmana and Hanuman in a palace",Press not yet identified,other,,,fair,,,Tübingen
0335,Shree Vishnu,"Vishnu standing on the waters with halo, bilingual caption",Press not yet identified,other,,,"good, later print",,,Tübingen
0336,Shree Ram and Sita,"Rama and Sita enthroned with brothers and Hanuman, bilingual caption",Press not yet identified,other,,,"good, later print",,,Tübingen
0337,Shree Ram and Sita,"Rama and Sita enthroned with brothers and Hanuman, bilingual caption",Press not yet identified,other,,,"good, later print",Appears to be a second photo of no. 0336.,,Tübingen
0338,Satyanarayan with devotees,Vishnu in a shrine with worshippers and Narada,Press not yet identified,other,,,good,,,Tübingen
0339,Hanuman in prayer,Hanuman with folded hands in a landscape,Press not yet identified,other,,,heavily faded,,,Tübingen
0340,Hanuman in prayer,Hanuman with folded hands in a landscape,Press not yet identified,other,,,heavily faded,Appears to be a second photo of no. 0339.,,Tübingen
0341,Ganesha enthroned with two women,Ganesha on his throne with two attendants,Press not yet identified,other,,,good,,,Tübingen
0342,Radha and Krishna on a swing,The couple on a swing by moonlight near a waterfall,Press not yet identified,other,,,good,,,Tübingen
0343,Krishna's boat ride by moonlight,Krishna with gopis in a boat on the Yamuna at night,Press not yet identified,other,,,good,Landscape format.,,Tübingen
0344,Krishna with gopis on a terrace,Krishna among women on a palace terrace with peacock,Press not yet identified,other,,,good,Landscape format.,,Tübingen
0345,"Rama, Sita and Lakshmana with the golden deer","The exiles in the forest, the golden deer appears",Press not yet identified,other,,,good,Landscape format.,,Tübingen
0346,Krishna with gopis in the grove,Krishna with his cow among gopis by the river,Press not yet identified,other,,,good,Landscape format.,,Tübingen
0347,Night scene in a palace,"Sleeping women in a moonlit palace hall, a couple on a couch",Press not yet identified,other,,,worn frame,Subject still to be identified. Landscape format.,,Tübingen
0348,Krishna and the gopis at the ghat,"Krishna by the water, gopis with pots on the steps",Press not yet identified,other,,,good,Same composition as no. 0541 by V. H. Pandya.,,Tübingen
0349,Krishna and the gopis at the ghat,"Krishna by the water, gopis with pots on the steps",Press not yet identified,other,,,good,Appears to be a second photo of no. 0348.,,Tübingen
0350,Krishna with women at a palace pool,"Women play and bathe in a courtyard pool, Devanagari caption",Press not yet identified,other,,,good,Landscape format.,,Tübingen
0351,Coronation of Rama,"Rama enthroned with Sita, brothers, Hanuman and sages",Press not yet identified,other,,,good,Same composition as no. 0051.,,Tübingen
0352,Lakshmi seated on the lotus,Lakshmi seated on a large lotus with elephant and swans,Press not yet identified,other,,,fair,,,Tübingen
0353,Lakshmi on the lotus,Lakshmi on the lotus with elephant and swans,Press not yet identified,other,,,fair,,,Tübingen
0354,Coronation of Rama with foil mount,"Rama and Sita enthroned with attendants, decorative foil surround",Press not yet identified,other,,,fair,,,Tübingen
0355,Shankar,"Shiva with Parvati, Ganesha, Nandi and lions, signed Ravi Varma, advertising roundel",Press not yet identified,other,,,losses at the top,Same composition as no. 0544.,,Tübingen
0356,Murugan of Palani,Murugan as young ascetic with staff in his shrine,South India,south,,,good,,,Tübingen
0357,"Hanuman in prayer, advertising print",Hanuman with folded hands and halo,"Advertising print for Subbuswami & Sons, Madras, Salem and Coimbatore",south,,,fair,,ads,Tübingen
0358,Enthroned goddess with attendants,"A goddess under a parasol, attendants with fly whisks and veena",Press not yet identified,other,,,fair,Same composition as no. 0032.,,Tübingen
0359,Shankar,"Shiva with Parvati, Ganesha, Nandi and lions",Press not yet identified,other,,,pale,,,Tübingen
0360,Gandhi with Christ,"Gandhi in prayer, Christ on the cross and a figure above",Press not yet identified,other,after 1948,,fair,"Memorial print after Gandhi's death, with glitter.",portraits,Tübingen
0361,Nataraja,"Shiva as lord of dance with Sivakami, in a temple setting",South India,south,,,good,Same composition as no. 0090.,,Tübingen
0362,"Coronation of Rama, embellished",Rama and Sita enthroned among attendants and sages,South India,south,,,good,Hand-embellished.,,Tübingen
0363,Murugan as a child,Bala Murugan with peacock and serpent,South India,south,,,good,,,Tübingen
0364,Lakshmi on the lotus,Lakshmi on the lotus with elephant and swans,Press not yet identified,other,,,pale,,,Tübingen
0365,Shiva and Parvati as hunters,"Shiva as the Kirata hunter with Parvati, bow and trident",Press not yet identified,other,,,good,Same composition as no. 0138.,,Tübingen
0366,Adi Shankara with his disciples,"The teacher with staff seated among disciples at a hermitage, signed Ravi Varma",Press not yet identified,other,,,yellowed,Subject probable.,,Tübingen
0367,"Krishna, bust",Krishna with peacock-feather crown and halo,Press not yet identified,other,,,fair,,,Tübingen
0368,"Lakshmi, advertising print",Lakshmi on the lotus with elephant,Advertising print for Vinolia Co. Ltd.,other,,,fair,Vinolia was a British soap maker.,ads,Tübingen
0369,Shaibya's grief,"Queen Shaibya in grief with attendants, from the story of Harishchandra, English and Devanagari caption",Press not yet identified,other,,,heavy water damage,Photographed sideways. Landscape format.,,Tübingen
0370,Vishnu with Sridevi and Bhudevi,Vishnu under the serpent hood with both consorts,Press not yet identified,other,,,fair,Same composition as no. 0015.,,Tübingen
0371,Worship of the Shiva linga,"Rama and Sita worship the linga at Rameswaram, Hanuman flies above",South India,south,,,fair,,,Tübingen
0372,Ram Darbar,"Rama with Sita, Lakshmana and Hanuman before the throne",Press not yet identified,other,,,good,,,Tübingen
0373,Ram Darbar,"Rama with Sita, Lakshmana and Hanuman before the throne",Press not yet identified,other,,,good,Same composition as no. 0532.,,Tübingen
0374,"Coronation of Rama, advertising print","Rama and Sita enthroned, South Indian captions",Advertising print for Balloon Beedi,south,,,fair,,ads,Tübingen
0375,Murugan with gods and devotees,"Murugan standing with his consorts, rooster banner, gods and sages in worship",South India,south,,,fair,,,Tübingen
0376,Vishnu in Vaikuntha,"Vishnu with his consorts under the serpent hood, rows of devotees below",South India,south,,,losses,,,Tübingen
0377,The child Krishna with parrot,The young Krishna with peacock feather holding a parrot,Press not yet identified,other,,,"losses, later print",,,Tübingen
0378,Shankar,"Shiva with Parvati, Ganesha, Nandi and lions",Press not yet identified,other,,,good,Same composition as no. 0544.,,Tübingen
0379,Saraswati standing,"Saraswati with veena standing by the water, swans at her feet",Press not yet identified,other,,,good,,,Tübingen
0380,Vishnu with Sridevi and Bhudevi,Vishnu under the serpent hood with both consorts,Press not yet identified,other,,,good,Same composition as no. 0015.,,Tübingen
0381,Shiva's family in the Himalaya,"Shiva and Parvati with Ganesha, Kartikeya and Nandi",Press not yet identified,other,,,"tears, later print",,,Tübingen
0382,"Lakshmi, embellished","Lakshmi on the lotus with elephant, applied fabric sari",Press not yet identified,other,,,fair,Hand-embellished.,,Tübingen
0383,"Lakshmi, embellished","Lakshmi on the lotus with elephant, applied fabric sari",Press not yet identified,other,,,fair,Appears to be a second photo of no. 0382.,,Tübingen
0384,Ramalinga Swamigal,"The Tamil saint in white robes, Tamil captions",Tamil Nadu,south,,,good,,,Tübingen
0385,Krishna with two consorts,Krishna between Rukmini and Satyabhama,South India,south,,,good,,,Tübingen
0386,A royal wedding,"A couple seated among courtiers and sages, probably Krishna and Rukmini, signed",South India,south,,,good,Subject probable.,,Tübingen
0387,Lakshmi on the lotus,Lakshmi on the lotus with elephant and swans,Press not yet identified,other,,,good,,,Tübingen
0388,Vishnu on Garuda,Vishnu with Sridevi and Bhudevi riding Garuda,Press not yet identified,other,,,good,Same composition as no. 0546.,,Tübingen
0389,Enthroned goddess with attendants,"A goddess under a parasol, attendants with fly whisks and veena",Press not yet identified,other,,,good,Same composition as no. 0032.,,Tübingen
0390,"Krishna with flute, gopis and cows","Krishna under a tree between two gopis, cows at his feet",South India,south,,,good,,,Tübingen
0391,Lakshmi on the lotus,Lakshmi on the lotus with elephant and swans,Press not yet identified,other,,,good,,,Tübingen
0392,Yashoda and the child Krishna,"Yashoda seated, the young Krishna and Balarama before her",Press not yet identified,other,,,good,,,Tübingen
0393,Saraswati,Saraswati with veena and peacock by a river,Press not yet identified,other,,,pale,,,Tübingen
0394,"Lakshmi, embellished","Lakshmi on the lotus with elephant, applied fabric sari",Press not yet identified,other,,,fair,Hand-embellished.,,Tübingen
0395,Lakshmi on the lotus,Lakshmi on the lotus with elephant and swans,Press not yet identified,other,,,good,,,Tübingen
0396,Satyanarayan with devotees,Vishnu on a pedestal with worshippers and a sage,Press not yet identified,other,,,good,Same composition as no. 0338.,,Tübingen
0397,Krishna with two consorts,Krishna between Rukmini and Satyabhama,South India,south,,,good,,,Tübingen
0398,Lakshmi on the lotus,"Lakshmi on the lotus with elephant and swans, signed",Press not yet identified,other,,,good,,,Tübingen
0399,Lakshmi on the lotus,Lakshmi on the lotus with elephant and swans,Press not yet identified,other,,,heavily faded,,,Tübingen
0400,Adi Shankara with his disciples,"The teacher seated among disciples at a hermitage, signed",Press not yet identified,other,,,good,Same composition as no. 0366.,,Tübingen
0401,Pilgrims to the mountain goddess,"Pilgrims with pots approach a many-armed goddess on the mountain, signed",Press not yet identified,other,,,"good, later print",,,Tübingen
0403,Vishnu under the serpent hood,"Vishnu rising from the water, Gita verse in Devanagari",Press not yet identified,other,,,"good, later print",,,Tübingen
0404,Murugan on the peacock,Six-headed Murugan with his consorts before a peacock,South India,south,,,good,,,Tübingen
0405,"Saraswati, advertising calendar","Saraswati with veena on a lotus, calendar months at the sides","Advertising calendar for a dyestuffs and chemicals firm, sole agents for India, Burma and Ceylon",other,,,fair,The wording suggests the late 1930s or 1940s.,ads,Tübingen
0406,Dasharatha's sacrifice,A divine figure rises from the sacrificial fire before a king and priests,Press not yet identified,other,,,fair,Subject probable.,,Tübingen
0407,Krishna with cows,Krishna seated among cows by a river,Press not yet identified,other,,,faded,,,Tübingen
0408,Krishna with cows,Krishna seated among cows by a river,Press not yet identified,other,,,faded,Appears to be a second photo of no. 0407.,,Tübingen
0409,The child Krishna with his parents,"The infant Krishna on a couch with Nanda, Yashoda and a woman",Press not yet identified,other,,,good,,,Tübingen
0410,"Lakshmi, embellished","Lakshmi on the lotus with elephant, applied fabric and sequins, signed",Press not yet identified,other,,,good,Hand-embellished.,,Tübingen
0411,Woman on a swing,A young woman on a swing above a valley,Press not yet identified,other,,,faded,Same composition as no. 0084. Embellished.,,Tübingen
0412,Keechaka and Sairandhri,"Keechaka approaches Draupadi, disguised as the maid Sairandhri",Press not yet identified,other,,,fair,A well-known Ravi Varma composition.,,Tübingen
0413,"Yashoda and Krishna, advertising print",The child Krishna with Yashoda on a terrace,"Advertising print for Gopaljee & Co., asafoetida merchants, Madras",south,,,stains in the lower half,,ads,Tübingen
0414,Krishna's birth in the prison,A woman holds the newborn among guards and a bearded man,Press not yet identified,other,,,fair,Subject probable.,,Tübingen
0415,Saraswati with deer,"Saraswati with veena, a deer at her side",Press not yet identified,other,,,darkened,,,Tübingen
0416,Radha and Krishna on a swing,The couple on a swing under a tree,Press not yet identified,other,,,faded,,,Tübingen
0417,Divine court,A crowned deity with consort enthroned among gods and sages,Press not yet identified,other,,,fair,Subject still to be identified.,,Tübingen
0418,Krishna with flute and two gopis,"Krishna plays under a tree, two women listen, peacock in front",Press not yet identified,other,,,good,,,Tübingen
0419,Vishnu on Garuda,Vishnu with Sridevi and Bhudevi riding Garuda,Press not yet identified,other,,,good,Same composition as no. 0546.,,Tübingen
0420,"Krishna with flute, gopis and cows","Krishna under a tree between two gopis, cows at his feet",South India,south,,,fair,Same composition as no. 0390.,,Tübingen
0421,Murugan as a child,Bala Murugan with peacock and serpent,South India,south,,,good,Same composition as no. 0363.,,Tübingen
0422,Sita with Lava and Kusha,"Sita shows her sons the target, the boys practise archery","Advertising print, CR monogram",other,,,losses on the left,,ads,Tübingen
0423,Sita with Lava and Kusha,"Sita shows her sons the target, the boys practise archery","Advertising print, CR monogram",other,,,losses on the left,Appears to be a second photo of no. 0422.,ads,Tübingen
0424,"Goddess enthroned, advertising print",A goddess on a lion throne among devotees,"Advertising print for Motor Cycle gold threads, J. N. J.",other,,,fair,Swadeshi advertising for gold thread.,ads,Tübingen
0425,Krishna with gopis in the grove,Krishna with his cow among gopis by the river,Press not yet identified,other,,,good,Same composition as no. 0346. Landscape format.,,Tübingen
0426,Rasa Lila by moonlight,Many Krishnas dance with the gopis on a moonlit riverbank,Press not yet identified,other,,,good,Same composition as no. 0278. Landscape format.,,Tübingen
0427,Krishna and the gopis at the ghat,"Krishna by the water, gopis with pots on the steps",Press not yet identified,other,,,good,Same composition as no. 0541. Small format on mount.,,Tübingen
0428,"Ram Darbar, embellished","Rama with Sita, Lakshmana and Hanuman, applied sequins",Press not yet identified,other,,,frame damaged,Hand-embellished.,,Tübingen
0429,"Murugan as a child, advertising print",Bala Murugan with spear and peacock,"Advertising print for a snuff brand, South India",south,,,good,,ads,Tübingen
0430,Shiva and Parvati in the Himalaya,Shiva kneels before Parvati by a waterfall,Press not yet identified,other,,,fair,,,Tübingen
0431,Vishnu appears to a devotee,Vishnu appears to a devotee meditating in the forest,Press not yet identified,other,,,good,Same composition as no. 0041.,,Tübingen
0432,"Lakshmi, embellished","Lakshmi on the lotus with elephant, applied fabric and sequins",Press not yet identified,other,,,fair,Hand-embellished.,,Tübingen
0433,Anointing of Rama,"Rama and Sita are anointed under a parasol, surrounded by the court",Press not yet identified,other,,,good,,,Tübingen
0434,Assembly in a pillared hall,"Kings and sages gather in a royal hall, a crowned man points",Press not yet identified,other,,,fair,Subject still to be identified.,,Tübingen
0435,"Krishna in a garden, advertising print",Krishna seated in a flower garden,"Advertising print for V. Shunmugam & Co., Madras snuff",south,,,good,,ads,Tübingen
0436,Portrait of an Indian ruler,A maharaja in state dress with sash and decorations,Press not yet identified,other,,,good,Same portrait as no. 0150.,portraits,Tübingen
0437,The child Krishna adorned,"Women adorn the child Krishna, a king watches",Press not yet identified,other,,,good,,,Tübingen
0438,Ranganatha,"Vishnu reclining on Shesha, gods and devotees around",South India,south,,,good,Landscape format.,,Tübingen
0439,European battle scene,"Cavalry and cannon in battle, a village burning behind",Press not yet identified,other,,,fair,"A European print, unusual in the collection. Landscape format.",,Tübingen
0440,Vishnu with halo,Four-armed Vishnu standing on the clouds,Press not yet identified,other,,,"good, later print",,,Tübingen
0441,Portrait of an Indian statesman,"A man in black sherwani and Gandhi cap with walking stick, probably Rajendra Prasad",Press not yet identified,other,1950s,,fair,Identification probable.,portraits,Tübingen
0442,Rani of Jhansi,"Bust of the queen with sword and shield, Marathi caption",Press not yet identified,other,,,good,Nationalist subject.,portraits,Tübingen
0443,Subhas Chandra Bose,Bose in the uniform of the Indian National Army,Press not yet identified,other,1940s,,good,Nationalist portrait.,portraits,Tübingen
0444,Jawaharlal Nehru,Portrait of Nehru in waistcoat and cap,Press not yet identified,other,,,fair,,portraits,Tübingen
0445,Shankar,"Shiva with Parvati, Ganesha, Nandi and lions, signed Ravi Varma",Press not yet identified,other,,,good,Same composition as no. 0544.,,Tübingen
0446,Lakshmi on the lotus,Lakshmi on the lotus with elephant and swans,Press not yet identified,other,,,good,,,Tübingen
0447,Durga on the tiger,"Durga on her tiger before a temple, pilgrims around",Press not yet identified,other,,,"fair, later print",,,Tübingen
0448,Young woman under a flowering tree,A woman in a pink sari leaning on a blossoming tree,Press not yet identified,other,,,fair,,,Tübingen
0449,Two women on a terrace,"Two women by a balustrade, one looking away",Press not yet identified,other,,,darkened,,,Tübingen
0450,Saraswati standing,"Saraswati with veena standing by the water, swans at her feet",Press not yet identified,other,,,fair,Same composition as no. 0379.,,Tübingen
0451,Saraswati,Saraswati with veena and peacock by a river,Press not yet identified,other,,,faded,,,Tübingen
0452,"Shiva and Parvati, advertising print",Shiva kneels before Parvati by a waterfall,"Advertising print for The Industrial & Prudential Assurance Co., Madras",south,,,fair,Same composition as no. 0430.,ads,Tübingen
0453,Murugan with peacock,The young Murugan with spear before a peacock,South India,south,,,good,,,Tübingen
0454,Royal court with offerings,"A king enthroned in a pillared hall, courtiers bring gifts",Press not yet identified,other,,,fair,,,Tübingen
0455,The child Krishna on a peacock feather,The infant Krishna with butter on a giant peacock feather,Press not yet identified,other,,,"good, later print",Gold foil border.,,Tübingen
0456,Vithoba and Rakhumai,The deities of Pandharpur with saints and temple scenes around them,Press not yet identified,other,,,good,Same composition as no. 0301.,,Tübingen
0457,Virabhadra at Daksha's sacrifice,"A fierce figure with sword at the altar, Sati's spirit above, Nandi",Press not yet identified,other,,,good,Same composition as no. 0112.,,Tübingen
0458,Vishnu with Sridevi and Bhudevi,"Vishnu standing on the serpent, consorts on lotuses",Press not yet identified,other,,,"good, later print",Gold foil border.,,Tübingen
0459,Krishna and Radha in a pavilion,"The couple enthroned with attendants, Nathdwara style",Press not yet identified,other,,,good,,,Tübingen
0460,Lakshmi seated on the lotus,Lakshmi seated on a large lotus with elephant and swans,Press not yet identified,other,,,fair,Same composition as no. 0352.,,Tübingen
0461,Murugan on the peacock,Six-headed Murugan with his consorts before a peacock,South India,south,,,good,,,Tübingen
0462,Dattatreya seated,"Three-headed Dattatreya seated with cow and dogs, advertising roundel",Press not yet identified,other,,,good,,,Tübingen
0463,Dattatreya seated,"Three-headed Dattatreya seated with cow and dogs, advertising roundel",Press not yet identified,other,,,good,Appears to be a second photo of no. 0462.,,Tübingen
0464,Dattatreya with cow and dogs,"Three-headed Dattatreya standing, advertising roundel at the top",Press not yet identified,other,,,fair,Same composition as no. 0117.,,Tübingen
0465,Satyanarayan with devotees,Vishnu in a shrine with worshippers and Narada,Press not yet identified,other,,,good,Same composition as no. 0338.,,Tübingen
0466,Shiva blesses his devotees,"Shiva seated on a rock beneath a tree, devotees around him",Press not yet identified,other,,,tear top left,,,Tübingen
0467,"Krishna with flute, gopis and cows","Krishna under a tree between two gopis, cows at his feet",South India,south,,,good,Same composition as no. 0390.,,Tübingen
0468,Saraswati,Saraswati with veena and peacock by a river,Press not yet identified,other,,,good,,,Tübingen
0469,Lakshmi on the lotus,Lakshmi on the lotus with elephant and swans,Press not yet identified,other,,,fair,,,Tübingen
0470,Ahalya's deliverance,"Ahalya bows before Rama, Lakshmana and Vishwamitra",Press not yet identified,other,,,fair,,,Tübingen
0471,Saraswati,Saraswati with veena and peacock by a river,Press not yet identified,other,,,good,,,Tübingen
0472,"Parvati with child, advertising print","A goddess seated with a child by a waterfall, peacock and lion","Advertising print for Sri Ambal & Co., Madras",south,,,fair,,ads,Tübingen
0473,Goddess in a temple shrine,A standing goddess in a carved stone shrine,South India,south,,,tear,,,Tübingen
0474,Lakshmi seated on the lotus,Lakshmi seated on a large lotus with elephant and swans,Press not yet identified,other,,,good,Same composition as no. 0352.,,Tübingen
0475,Vishnu on Garuda,Vishnu with Sridevi and Bhudevi riding Garuda above a landscape,Press not yet identified,other,,,fair,,,Tübingen
0476,"Rama lifts Shiva's bow, advertising print",Rama with the great bow at Sita's bridegroom contest,"Advertising print for a dyestuffs firm, Bombay",other,,,water damage,,ads,Tübingen
0477,Shankar,"Shiva with Parvati, Ganesha, Nandi and lions, advertising roundel",Press not yet identified,other,,,good,Same composition as no. 0544.,,Tübingen
0478,Vishnu on Garuda,"Vishnu with Sridevi and Bhudevi riding Garuda, advertising label",Press not yet identified,other,,,good,Same composition as no. 0546.,,Tübingen
0479,Coronation of Rama,Rama and Sita enthroned with brothers and Hanuman,Press not yet identified,other,,,losses,Same composition as no. 0080.,,Tübingen
0480,"Vishnu on the serpent, advertising print",The young Vishnu on Shesha in the ocean,"Advertising print for Dr. G. B.'s Medicated Snuff, Guru Basava & Co., Madras",south,,,good,,ads,Tübingen
0481,Enthroned goddess,A richly adorned goddess under a serpent hood,South India,south,,,losses at the edges,,,Tübingen
0482,Shantanu and Satyavati,A king at the water's edge with a young woman seated on a rock,Press not yet identified,other,,,heavy losses,"Subject probable, after a Ravi Varma painting.",,Tübingen
0483,The child Krishna on a peacock feather,The infant Krishna with butter on a giant peacock feather,Press not yet identified,other,,,good,Same composition as no. 0455.,,Tübingen
0484,Deity in a temple arch,A standing four-armed deity under an ornate arch,South India,south,,,fair,,,Tübingen
0485,Ram Darbar,"Rama with Sita, Lakshmana and Hanuman before the throne",Press not yet identified,other,,,worn frame,Same composition as no. 0532.,,Tübingen
0486,Saraswati,Saraswati with veena and peacock by a river,Press not yet identified,other,,,good,,,Tübingen
0487,The child Krishna,The infant Krishna seated in an oval frame,Press not yet identified,other,,,fair,Same composition as no. 0234.,,Tübingen
0488,"Krishna with cows, advertising print",Krishna leaning on a tree with cows and peacock,Advertising print for gripe water,other,,,fair,,ads,Tübingen
0489,Vishnu reclining with the gods,Vishnu on Shesha surrounded by gods and devotees,South India,south,,,water damage,Landscape format.,,Tübingen
0490,European battle scene,Infantry and cavalry in close combat on a hillside,Press not yet identified,other,,,fair,A European print. Landscape format.,,Tübingen
0491,European queens and princesses,Portrait busts of European royal women in rows,Press not yet identified,other,,,fair,A European print. Landscape format.,,Tübingen
0493,The Kaaba in Mecca,Pilgrims around the Kaaba in the Great Mosque,Press not yet identified,other,,,good,Landscape format. Related to no. 0239.,,Tübingen
0494,Departure in a royal chariot,"A prince leaves a palace in a chariot drawn by white horses, caption at the bottom",Press not yet identified,other,,,glass cracked,Subject still to be identified. Landscape format.,,Tübingen
0495,Portrait photograph of a Tamil politician,"A colour photograph of a woman in a dark sari, probably J. Jayalalithaa",Modern photograph,other,late 20th century,,good,Not a print but a photograph.,portraits,Tübingen
0496,"Krishna, bust",Krishna with peacock-feather crown,Press not yet identified,other,,,torn edges,Same composition as no. 0367.,,Tübingen
0497,"Krishna with peacock, advertising calendar","Krishna with flute beside a peacock, portraits of the proprietors","Advertising calendar for K. A. Shunmugavel Beedi Company, Ambasamudram",south,,,good,Tamil Nadu.,ads,Tübingen
0498,Vishnu on Garuda,"Vishnu with Sridevi and Bhudevi riding Garuda, signed Ravi Varma",Press not yet identified,other,,,fair,Same composition as no. 0546.,,Tübingen
0499,Sita Pati Rama,"Rama with Sita, Lakshmana and Hanuman on a tiled floor, caption",Press not yet identified,other,,,"good, later print",,,Tübingen
0500,Colour photograph of a mother and child,A smiling woman carries a basket and a child in a field,Modern photograph,other,,,good,Not a print but a photograph. Landscape format.,,Tübingen
0501,Meenakshi and Sundareswarar,"The goddess and Shiva of Madurai in twin shrines, Ganesha and Nandi below, Devanagari captions",South India,south,,,good,Identifies the subject of no. 0062.,,Tübingen
0502,Deity with two consorts,A standing deity between two consorts in a temple setting,South India,south,,,losses,,,Tübingen
0503,Deity in a temple gateway,"A standing deity in a temple gateway, with cherubs above",South India,south,,,fair,Same composition as no. 0085.,,Tübingen
0504,Warrior on horseback,A rider with shield on a caparisoned horse before buildings,Press not yet identified,other,,,faded,Landscape format.,,Tübingen
0505,"Vishnu with Sridevi and Bhudevi, advertising print","Vishnu under the serpent hood, text 'Support Nation's Own Industry'","Advertising print for The Southern India Confectionery Factory, V. S. & Sons, Kumbakonam",south,,,fair,Swadeshi advertising.,ads,Tübingen
0506,Indira Gandhi,"Portrait with facsimile signature, artist C. N. Row",Press not yet identified,other,,,good,,portraits,Tübingen
0507,Saraswati,Saraswati with veena and peacock by a river,Press not yet identified,other,,,good,,,Tübingen
0508,Rasa Lila by moonlight,Many Krishnas dance with the gopis on a moonlit riverbank,Press not yet identified,other,,,good,Same composition as no. 0278. Landscape format.,,Tübingen
0509,Ganesha enthroned,Ganesha on his throne with lamps and offerings,Press not yet identified,other,,,"faded, later print","Kumkum marks on the glass, not on the print.",,Tübingen
0510,Saraswati,Saraswati with veena and peacock,Press not yet identified,other,,,"fair, later print","Scalloped wooden frame. Kumkum marks on the glass, not on the print.",,Tübingen
0511,Lakshmi on the lotus,Lakshmi on the lotus with elephant and swans,Press not yet identified,other,,,glass cracked,"Kumkum marks on the glass, not on the print.",,Tübingen
0512,"Krishna with gopis, Glaxo calendar","Krishna with gopis under a tree, calendar for 1932","Advertising calendar for Glaxo, 'Builds Bonnie Babies'",other,1932,,worn frame,"Dated 1932. Kumkum marks on the glass, not on the print.",ads,Tübingen
0513,"Krishna with gopis, Glaxo calendar","Krishna with gopis under a tree, calendar for 1932","Advertising calendar for Glaxo, 'Builds Bonnie Babies'",other,1932,,worn frame,Appears to be a second photo of no. 0512.,ads,Tübingen
0514,"Goddess, advertising print","A four-armed goddess, bust, product tins in the corners","Advertising print, publisher still to be identified",other,,,worn frame,"Kumkum marks on the glass, not on the print.",ads,Tübingen
0515,Vishnu with his consorts in the water,"Vishnu standing on the serpent, two consorts with flowers at his sides",Press not yet identified,other,,,good,"Kumkum marks on the glass, not on the print.",,Tübingen
0516,Vishnu with his consorts in the water,"Vishnu standing on the serpent, two consorts with flowers at his sides",Press not yet identified,other,,,good,Appears to be a second photo of no. 0515.,,Tübingen
0517,Saraswati,Saraswati with veena and peacock by a river,Press not yet identified,other,,,good,"Kumkum marks on the glass, not on the print.",,Tübingen
0518,"Lakshmi on the lotus, shaped mount","Lakshmi on the lotus with elephant, cut to a shaped outline",Press not yet identified,other,,,good,"Kumkum marks on the glass, not on the print.",,Tübingen
0519,"Lakshmi on the lotus, shaped mount","Lakshmi on the lotus with elephant, cut to a shaped outline",Press not yet identified,other,,,good,Appears to be a second photo of no. 0518.,,Tübingen
0520,Krishna in the Om,"The child Krishna framed by the sacred syllable, foil decoration",Press not yet identified,other,,,fair,"Kumkum marks on the glass, not on the print.",,Tübingen
0521,Krishna with two consorts,"Krishna between Rukmini and Satyabhama, caption",Press not yet identified,other,,,good,"Kumkum marks on the glass, not on the print.",,Tübingen
0522,Krishna with two consorts,"Krishna between Rukmini and Satyabhama, caption",Press not yet identified,other,,,good,Appears to be a second photo of no. 0521.,,Tübingen
0523,Lakshmi on the lotus,Lakshmi on the lotus with elephant and swans,Press not yet identified,other,,,good,,,Tübingen
0524,Lakshmi on the lotus,Lakshmi on the lotus with elephant and swans,Press not yet identified,other,,,good,Appears to be a second photo of no. 0523.,,Tübingen
0525,Saraswati,"Saraswati with veena and peacock, caption 'Saraswati'",Press not yet identified,other,,,good,"Kumkum marks on the glass, not on the print.",,Tübingen
0526,Murugan with Valli and Deivanai,Murugan and his consorts with peacock and serpent,Tamil Nadu,south,,,faded,"Kumkum marks on the glass, not on the print.",,Tübingen
0527,Murugan with Valli and Deivanai,Murugan and his consorts with the temples of his shrines behind,Tamil Nadu,south,,,faded,"Kumkum marks on the glass, not on the print. Same composition as no. 0531.",,Tübingen
0528,Murugan with Valli and Deivanai,Murugan and his consorts with the temples of his shrines behind,Tamil Nadu,south,,,faded,Appears to be a second photo of no. 0527.,,Tübingen
0529,Saraswati,"Saraswati with veena and peacock, caption 'Saraswati'",Press not yet identified,other,,,good,"Kumkum marks on the glass, not on the print.",,Tübingen
0530,"Ram Darbar, large format","Rama with Sita, Lakshmana and Hanuman in a palace","Signed, probably Bangalore",south,,"large, approx. 50 × 70 cm",frame worn,"Kumkum marks on the glass, not on the print.",,Tübingen
0531,Murugan with Valli and Deivanai,"Six-headed Murugan with the temples of Palani, Tiruttani and others, Tamil captions",Tamil Nadu,south,,"large, approx. 50 × 70 cm",good,"Kumkum marks on the glass, not on the print.",,Tübingen
0532,Ayodhia Pati Rama,"Rama with Sita, Lakshmana and Hanuman","S. S. Brijbasi & Sons, Mathura. Printed in Germany. Artist Narottam Narayan, Nathdwara",brij,,"large, approx. 50 × 70 cm",good,"Kumkum marks on the glass, not on the print.",,Tübingen
0533,Saraswati with foil decoration,Saraswati with veena and peacock,Press unidentified,other,,"large, approx. 50 × 70 cm",water damage at the bottom,,,Tübingen
0534,Mahatma Gandhi,Portrait of Gandhi in a shawl,"S. S. Brijbasi & Sons, Karachi. Printed in Germany. Artist M. D. Trivedi",brij,before 1947 (publisher in Karachi),"large, approx. 50 × 70 cm",damage along the bottom edge,"Kumkum marks on the glass, not on the print.",portraits,Tübingen
0535,Mahatma Gandhi,Portrait of Gandhi in a shawl,"S. S. Brijbasi & Sons, Karachi. Printed in Germany. Artist M. D. Trivedi",brij,before 1947 (publisher in Karachi),"large, approx. 50 × 70 cm",damage along the bottom edge,Appears to be a second photo of no. 0534.,portraits,Tübingen
0536,Ganesha and Lakshmi,"Ganesha enthroned, Lakshmi on the lotus","S. S. Brijbasi & Sons. Artist Narottam Narayan, Nathdwara",brij,,"large, approx. 50 × 70 cm",very good,"Kumkum marks on the glass, not on the print.",,Tübingen
0537,Lakshmi with foil mount,Lakshmi on the lotus with elephant,"Ravi Varma composition, press unidentified",other,,"large, approx. 50 × 70 cm","tear, damage at the bottom",,,Tübingen
0538,Goddess with parrot and sugarcane,Enthroned goddess in a temple,"Tiruvenkadam, Madurai. Artists C. Kondiah Raju and T. S. Subbiah, Kovilpatti",south,,"large, approx. 50 × 70 cm",good,,,Tübingen
0539,Sree Matha Bhuvaneswari,"Bhuvaneswari with three saints, Tamil and English captions","South India, later print",south,approx. 1960s–70s,"large, approx. 50 × 70 cm",good,,,Tübingen
0540,Saraswati with deer,"Saraswati with veena, signed Ravi Varma",Probably Ravi Varma Press,other,,"large, approx. 50 × 70 cm","tears, losses",,,Tübingen
0541,Krishna and the gopis at the ghat,"Krishna by the water, gopis with pots on the steps",Artist V. H. Pandya,other,1924,"large, landscape",good,,,Tübingen
0542,Surdas and Krishna,The blind poet Surdas sings for the young Krishna,"Picture Palace, Chowk, Delhi",other,,"large, landscape","glass broken, heavy creases","Kumkum marks on the glass, not on the print.",,Tübingen
0543,Murali Krishna,Krishna with flute by a lake,"N. Gopala Row, Cocanada (Kakinada). Printed in Germany",south,,"large, approx. 50 × 70 cm",very good,"Kumkum marks on the glass, not on the print.",,Tübingen
0544,Shankar,"Shiva with Parvati, Ganesha, Nandi and lions, signed Ravi Varma",Ravi Varma Press,rvp,,"large, approx. 50 × 70 cm",minor damage,"Kumkum marks on the glass, not on the print.",,Tübingen
0545,"Lakshmi, large format","Lakshmi on the lotus with elephant, signed Ravi Varma",Press unidentified,other,,"large, approx. 50 × 70 cm",losses at the top,,,Tübingen
0546,Vishnu on Garuda,Vishnu with Sridevi and Bhudevi riding Garuda,"Ravi Varma composition, press unidentified",other,,"large, approx. 50 × 70 cm",crease,"Kumkum marks on the glass, not on the print.",,Tübingen
0547,Vishnu on Garuda,Vishnu with Sridevi and Bhudevi riding Garuda,"Ravi Varma composition, press unidentified",other,,"large, approx. 50 × 70 cm",crease,Appears to be a second photo of no. 0546.,,Tübingen
0548,"Saraswati, unframed",Saraswati with veena and peacock,No press mark visible,other,,"large, approx. 50 × 70 cm",creases,,,Tübingen
0549,"Saraswati, Malavli",Saraswati with veena and peacock,"Ravi Varma F.A.L. Works, Malavli, Poona Dt.",rvp,,"large, approx. 50 × 70 cm","tears, losses, unframed",Early print from the original Ravi Varma Press.,,Tübingen
